Group,N_total,tf,at_risk,events,fraction_frozen,S_T,FF_CI_lower,FF_CI_upper,K,K_CI_lower,K_CI_upper
Handling_blank,41,-21.3,41,1,0.024390243902439025,0.975609756097561,0.00347194802974371,0.1608028870351309,0.02469261259037152,0.003477989228509672,0.17530966212895446
Handling_blank,41,-22.99,40,1,0.04878048780487805,0.9512195121951219,0.012427496852893127,0.18126724138800854,0.05001042057466142,0.01250536399358044,0.19999755043822925
Handling_blank,41,-23.88,39,1,0.07317073170731707,0.9268292682926829,0.02420221509024223,0.20995756687144185,0.07598590697792199,0.02449990162782019,0.2356686221425921
Handling_blank,41,-24.13,38,1,0.0975609756097561,0.9024390243902438,0.03777855895032611,0.23939053240135144,0.10265415406008334,0.03851066660434544,0.27363523602580986
Handling_blank,41,-25.13,37,1,0.12195121951219512,0.8780487804878049,0.052660189829630166,0.268497582302728,0.13005312824819779,0.054097422102037024,0.31265475340469684
Handling_blank,41,-25.19,36,1,0.14634146341463414,0.8536585365853658,0.06855995703810369,0.29706219796659017,0.15822400521489416,0.0710234571292082,0.35248686614478203
Handling_blank,41,-25.42,35,2,0.1951219512195122,0.8048780487804877,0.1027353316520403,0.3525029362822659,0.2170645052378275,0.10840440097107008,0.43464102021759277
Handling_blank,41,-25.52,33,1,0.21951219512195122,0.7804878048780487,0.12079366278323633,0.379433882284834,0.2478361639045812,0.12873566798334798,0.47712312446993016
Handling_blank,41,-25.94,32,1,0.24390243902439024,0.7560975609756097,0.1394009607958252,0.4058827579500026,0.27958486221916157,0.15012657500380736,0.5206786019072589
Handling_blank,41,-26.41,31,1,0.2682926829268293,0.7317073170731706,0.15850534634896585,0.43187929628204846,0.31237468504215243,0.1725756187273305,0.565421376291614
Handling_blank,41,-26.43,30,1,0.2926829268292683,0.7073170731707316,0.17806637817491222,0.45744901741750654,0.3462762367178338,0.19609563922418458,0.6114732208725074
Handling_blank,41,-26.65,29,1,0.3170731707317073,0.6829268292682926,0.1980521218832384,0.48261333514890414,0.381367556529104,0.2207116631069059,0.6589647829463913
Handling_blank,41,-26.75,28,1,0.34146341463414637,0.6585365853658536,0.218437169911186,0.5073899292344335,0.4177352006999788,0.24645973556554404,0.7080373494008071
Handling_blank,41,-27.06,27,1,0.36585365853658536,0.6341463414634146,0.23920126703458622,0.5317931564987128,0.45547552868282576,0.2733864331500644,0.7588451074125688
Handling_blank,41,-27.11,26,1,0.3902439024390244,0.6097560975609756,0.26032833703335145,0.5558344206496142,0.49469624183610705,0.3015488899410317,0.8115578596048701
Handling_blank,41,-27.34,25,1,0.4146341463414634,0.5853658536585366,0.2818057849720581,0.5795224764428899,0.5355182363563621,0.33101525204306004,0.866364252704957
Handling_blank,41,-27.43,24,1,0.43902439024390244,0.5609756097560975,0.3036239957135827,0.602863664505275,0.578077850775158,0.36186552847897024,0.9234756429037605
Handling_blank,41,-28.17,23,1,0.4634146341463415,0.5365853658536585,0.32577597747861176,0.625862079868684,0.6225296133459919,0.39419284566686463,0.9831307791421107
Handling_blank,41,-28.45,22,1,0.4878048780487805,0.5121951219512194,0.3482571172382005,0.6485196783452256,0.6690496289808848,0.4281051464248537,1.0456015532110237
Handling_blank,41,-28.89,21,1,0.5121951219512195,0.48780487804878037,0.3710650267487251,0.670836323589747,0.7178397931503169,0.4637274087844423,1.1112001552395145
Handling_blank,41,-28.92,20,1,0.5365853658536586,0.4634146341463413,0.39419946658556815,0.692809775330173,0.7691330875378675,0.5012044998769549,1.1802880989511504
Handling_blank,41,-29.19,19,1,0.5609756097560976,0.43902439024390233,0.41766234213717,0.7144356161910698,0.8232003088081432,0.5407048313339818,1.2532877628445809
Handling_blank,41,-29.41,18,1,0.5853658536585366,0.4146341463414633,0.44145777123091956,0.7357071107538157,0.8803587226480917,0.5824250522854506,1.330697361834518
Handling_blank,41,-29.48,17,1,0.6097560975609756,0.39024390243902424,0.46559222870769834,0.7566149856661448,0.9409833444645266,0.6265961147765484,1.4131106683855015
Handling_blank,41,-29.61,16,1,0.6341463414634146,0.36585365853658525,0.4900747796527426,0.7771471131314591,1.0055218656020977,0.6734911907846048,1.5012434253609774
Handling_blank,41,-29.77,15,1,0.6585365853658537,0.34146341463414626,0.5149174211007936,0.7972880709765894,1.0745147370890493,0.7234361367666656,1.5959693766223124
Handling_blank,41,-29.9,14,1,0.6829268292682927,0.31707317073170727,0.5401355632374092,0.8170185390709331,1.1486227092427712,0.7768235356223876,1.6983704376710975
Handling_blank,41,-30.03,13,1,0.7073170731707317,0.2926829268292683,0.5657486975613744,0.8363144713677071,1.2286654169163074,0.83413187458246,1.80980820027024
Handling_blank,41,-30.16,12,1,0.7317073170731707,0.26829268292682923,0.591781324721728,0.8551459503890755,1.3156767939059373,0.8959522793386681,1.9320285978850549
Handling_blank,41,-30.3,11,1,0.7560975609756098,0.2439024390243902,0.6182642549876004,0.8734755777214858,1.410986973710262,0.9630266767399922,2.067319927958302
Handling_blank,41,-30.7,10,1,0.7804878048780488,0.2195121951219512,0.6452364606704226,0.8912561632002598,1.5163474893680886,1.036303797836378,2.218760283725162
Handling_blank,41,-30.77,9,1,0.8048780487804879,0.19512195121951215,0.6727477728358864,0.9084273133861245,1.6341305250244722,1.117024068518988,2.3906222328380955
Handling_blank,41,-31.11,8,1,0.8292682926829268,0.17073170731707313,0.7008629128681823,0.924910215833025,1.7676619176489943,1.2068533252730678,2.589070759198953
Handling_blank,41,-31.22,7,1,0.8536585365853658,0.1463414634146341,0.7296677039354125,0.9405993096287111,1.9218125974762528,1.3081033505412547,2.823449430268806
Handling_blank,41,-32.36,6,1,0.8780487804878049,0.12195121951219509,0.7592789306191043,0.9553482337459305,2.1041341542702074,1.4241164042437622,3.108861414680101
Handling_blank,41,-32.49,5,1,0.9024390243902439,0.09756097560975607,0.7898602257841209,0.9689443986987916,2.3272777055844176,1.5599823781682678,3.471976090697898
Handling_blank,41,-32.56,4,1,0.926829268292683,0.07317073170731705,0.821645905901023,0.9810585315795858,2.614959778036199,1.7239844120217176,3.966401664112602
Handling_blank,41,-32.63,3,1,0.9512195121951219,0.048780487804878044,0.8549516591521118,0.9911314210060742,3.0204248861443617,1.9306882069641964,4.7252406991106515
Handling_blank,41,-32.65,2,1,0.975609756097561,0.024390243902439022,0.8897371372824459,0.9980783396431465,3.713572066704307,2.204888102820491,6.254565697445378
Handling_blank,41,-32.69,1,1,1.0,0.0,0.8897371372824459,1.0,inf,2.204888102820491,inf
Untreated,39,-14.02,39,1,0.02564102564102564,0.9743589743589743,0.003651979630550972,0.1684124010674698,0.025975486403260677,0.0036586643881904623,0.18441863540801334
Untreated,39,-14.25,38,1,0.05128205128205128,0.9487179487179487,0.013077370304033331,0.18984667972881808,0.05264373348542203,0.01316363198705096,0.2105317649422529
Untreated,39,-14.4,37,1,0.07692307692307693,0.9230769230769231,0.025476994692536392,0.21984144999596467,0.08004270767353637,0.025807153019722823,0.24825811071894888
Untreated,39,-14.65,36,1,0.10256410256410256,0.8974358974358975,0.039781427796777624,0.2505894268477985,0.10821358464023272,0.04059434105691469,0.28846828389875123
Untreated,39,-14.77,35,1,0.1282051282051282,0.8717948717948718,0.055468977024265564,0.28097700489523125,0.137201121513485,0.0570667466554416,0.32986193970745875
Untreated,39,-14.84,34,1,0.15384615384615385,0.8461538461538461,0.07223787553301808,0.31077942787541124,0.1670540846631662,0.07497991044778177,0.37219392549266417
Untreated,39,-14.88,33,1,0.1794871794871795,0.8205128205128205,0.08989476970312194,0.33996866050677044,0.19782574332991992,0.09419504846788648,0.41546796100834826
Untreated,39,-14.95,32,2,0.23076923076923078,0.7692307692307692,0.12737955044449245,0.3966115343937431,0.2623642644674911,0.1362545833672421,0.5051940681073392
Untreated,39,-15.03,30,1,0.2564102564102564,0.7435897435897435,0.14704124031030952,0.42413451313667305,0.2962658161431724,0.159044080033567,0.5518811753097327
Untreated,39,-15.11,29,2,0.3076923076923077,0.6923076923076922,0.18792818719704218,0.4777367160555268,0.3677247801253174,0.20816650331848377,0.6495834428814486
Untreated,39,-15.15,27,1,0.3333333333333333,0.6666666666666666,0.2090785893780095,0.5038639251998567,0.4054651081081643,0.2345566706106535,0.7009050455276131
Untreated,39,-15.19,26,2,0.38461538461538464,0.6153846153846154,0.2526621421842006,0.5548594635368795,0.48550781578170077,0.2912379098672448,0.8093652343974217
Untreated,39,-15.23,24,2,0.4358974358974359,0.5641025641025641,0.29784202244679914,0.6042540643652496,0.5725191927713306,0.3535968610242858,0.926982850305969
Untreated,39,-15.27,22,1,0.46153846153846156,0.5384615384615384,0.3210023874572193,0.6283688366753264,0.6190392084062235,0.3871376675669117,0.9898534130057779
Untreated,39,-15.34,21,1,0.48717948717948717,0.5128205128205128,0.3445344091277539,0.6520993187261054,0.6678293725756556,0.4224094701047041,1.0558382385798384
Untreated,39,-15.38,20,2,0.5384615384615384,0.4615384615384615,0.3927043015950925,0.6984040719479918,0.7731898882334817,0.4987394592505603,1.1986671440932966
Untreated,39,-15.41,18,2,0.5897435897435898,0.4102564102564102,0.4423602384365938,0.7431350042321306,0.8909729238898653,0.5840421136789239,1.3592046404058868
Untreated,39,-15.46,16,1,0.6153846153846154,0.3846153846153845,0.46776026860850806,0.7648872692898708,0.9555114450274365,0.6306612682241698,1.4476901747102247
Untreated,39,-15.53,15,3,0.6923076923076923,0.30769230769230765,0.5463981852967776,0.8274942471198119,1.1786549963416462,0.7905355259081177,1.7573246930367465
Untreated,39,-15.57,12,1,0.717948717948718,0.282051282051282,0.573489688240113,0.8473970269405495,1.2656663733312759,0.852118734711055,1.8799156776252979
Untreated,39,-15.6,11,4,0.8205128205128205,0.17948717948717946,0.687191472181552,0.9210269911863628,1.717651497074333,1.1621640078359048,2.538649145481262
Untreated,39,-15.67,7,1,0.8461538461538461,0.15384615384615383,0.7172610921510081,0.9375604442375245,1.8718021769015913,1.263231394290359,2.773556297990652
Untreated,39,-15.71,6,1,0.8717948717948718,0.1282051282051282,0.7481909695386662,0.9530927978755136,2.0541237336955462,1.3790842943877553,3.059584051897674
Untreated,39,-15.79,5,1,0.8974358974358975,0.10256410256410256,0.7801538511964599,0.967400460153707,2.277267285009756,1.5148273008908726,3.4234571058534797
Untreated,39,-15.82,4,1,0.9230769230769231,0.07692307692307693,0.813398054527047,0.9801371130979178,2.564949357461537,1.6787775647231735,3.91890226828663
Untreated,39,-15.86,3,1,0.9487179487179487,0.05128205128205129,0.84826162372893,0.9907149117759524,2.9704144655697005,1.8855974498605146,4.679345582440422
Untreated,39,-15.9,2,1,0.9743589743589743,0.025641025641025644,0.8847328052628827,0.9979953736413263,3.663561646129646,2.1605024131178783,6.212297590366017
Untreated,39,-16.14,1,1,1.0,0.0,0.8847328052628827,1.0,inf,2.1605024131178783,inf
Dry_heat,46,-7.31,46,1,0.021739130434782608,0.9782608695652174,0.0030910049362506964,0.14447640291418384,0.02197890671877523,0.0030957919590278073,0.15604160322980087
Dry_heat,46,-10.66,45,1,0.043478260869565216,0.9565217391304348,0.01105417845979606,0.16285872314503158,0.04445176257083381,0.011115729911322564,0.17776243318408183
Dry_heat,46,-15.92,44,1,0.06521739130434782,0.9347826086956522,0.02151139820975223,0.18873097831250596,0.06744128079553253,0.021746140869705322,0.20915556385814466
Dry_heat,46,-21.04,43,1,0.08695652173913043,0.9130434782608696,0.0335552827773653,0.21531448227800587,0.09097177820572663,0.03413118091159294,0.2424722558339888
Dry_heat,46,-23.56,42,1,0.10869565217391304,0.891304347826087,0.04674336948071922,0.24163901409534527,0.11506932978478723,0.047871124570484445,0.2765957720008103
Dry_heat,46,-23.72,41,1,0.13043478260869565,0.8695652173913044,0.0608196353061623,0.2675062572916276,0.13976194237515874,0.06274773654311883,0.31130048050504955
Dry_heat,46,-24.06,40,1,0.15217391304347827,0.8478260869565218,0.07561983024716712,0.2928896256429001,0.16507975035944858,0.0786318528318785,0.3465685087823564
Dry_heat,46,-24.09,39,1,0.17391304347826086,0.8260869565217392,0.09103106932200444,0.31780775540136896,0.19105523676270922,0.09544436506096862,0.3824437772846803
Dry_heat,46,-24.17,38,1,0.1956521739130435,0.8043478260869567,0.10697187843769862,0.342290139493985,0.21772348384487053,0.11313720749027288,0.4189913863803215
Dry_heat,46,-25.0,37,1,0.21739130434782608,0.7826086956521741,0.12338128733691911,0.3663666581824089,0.24512245803298496,0.13168314435887546,0.45628481704828505
Dry_heat,46,-25.06,36,1,0.2391304347826087,0.7608695652173915,0.14021240305812843,0.3900644037174188,0.2732933349996813,0.1510699005393901,0.4944019072533473
Dry_heat,46,-25.23,35,1,0.2608695652173913,0.7391304347826089,0.15742839833870237,0.4134069338288455,0.3022808718729337,0.17129663323175084,0.5334239428783125
Dry_heat,46,-25.34,34,1,0.2826086956521739,0.7173913043478263,0.1749998905796999,0.43641434815117275,0.3321338350226147,0.19237176001679807,0.5734359573213694
Dry_heat,46,-25.4,33,1,0.30434782608695654,0.6956521739130437,0.19290316537037466,0.4591036179695581,0.3629054936893685,0.21431162456555322,0.6145275489227593
Dry_heat,46,-25.53,32,1,0.32608695652173914,0.6739130434782611,0.21111893615447141,0.4814889613888701,0.39465419200394874,0.2371397124071922,0.6567939620287976
Dry_heat,46,-25.72,31,1,0.34782608695652173,0.6521739130434785,0.22963145731866497,0.5035821902226222,0.4274440148269396,0.26088625178083047,0.7003373484198215
Dry_heat,46,-26.06,30,1,0.3695652173913043,0.6304347826086959,0.248427878081663,0.5253930062082371,0.46134556650262093,0.2855881037774433,0.745268198907502
Dry_heat,46,-26.12,29,1,0.391304347826087,0.6086956521739133,0.2674977654459013,0.5469292435940607,0.496436886313891,0.31128888750976746,0.7917069705396975
Dry_heat,46,-26.22,28,1,0.41304347826086957,0.5869565217391307,0.2868327492690448,0.5681970619176783,0.5328045304847661,0.3380393128206488,0.8397859566579701
Dry_heat,46,-26.32,27,1,0.43478260869565216,0.5652173913043481,0.30642625809017554,0.5892010944853425,0.5705448584676128,0.3658977119172227,0.8896514652091373
Dry_heat,46,-26.4,26,1,0.45652173913043476,0.5434782608695655,0.3262733244645627,0.6099445577504969,0.6097655716208943,0.3949307762295132,0.9414663903480549
Dry_heat,46,-27.01,25,1,0.4782608695652174,0.5217391304347829,0.3463704453617539,0.6304293257363686,0.6505875661411494,0.4252145182238868,0.995413286887358
Dry_heat,46,-27.51,24,2,0.5217391304347826,0.4782608695652177,0.38730763441411176,0.6706237830725675,0.7375989431307791,0.48989231960906515,1.110554665036994
Dry_heat,46,-27.6,22,1,0.5434782608695652,0.4565217391304351,0.4081473627024852,0.6903307360486383,0.784118958765672,0.5244975985686517,1.172250441515193
Dry_heat,46,-27.66,21,1,0.5652173913043478,0.43478260869565244,0.4292364613216221,0.7097734511183833,0.8329091229351039,0.5607802729978897,1.2370934579418307
Dry_heat,46,-27.94,20,1,0.5869565217391305,0.4130434782608698,0.4505780797942358,0.728947103483317,0.8842024173226547,0.5988886076717376,1.3054412870510839
Dry_heat,46,-27.99,19,1,0.6086956521739131,0.3913043478260872,0.47217681758073426,0.7478452965995572,0.9382696385929304,0.6389939331429948,1.377712477448986
Dry_heat,46,-28.03,18,1,0.6304347826086957,0.36956521739130455,0.49403885742504683,0.7664598860641112,0.995428052432879,0.6812954059735623,1.4544014224701296
Dry_heat,46,-28.34,17,1,0.6521739130434783,0.3478260869565219,0.5161721522509534,0.7847807424806337,1.0560526742493137,0.7260261220058529,1.53609796808404
Dry_heat,46,-28.52,16,1,0.6739130434782609,0.3260869565217393,0.5385866792281492,0.8027954359531982,1.120591195386885,0.7734610633257804,1.6235136928278675
Dry_heat,46,-28.55,15,1,0.6956521739130435,0.3043478260869567,0.5612947809510935,0.8204888170876564,1.1895840668738362,0.8239275742568295,1.7175177726470716
Dry_heat,46,-28.69,14,1,0.717391304347826,0.2826086956521741,0.5843116229480779,0.837842457726441,1.2636920390275581,0.8778193930568853,1.81918693313505
Dry_heat,46,-28.76,13,1,0.7391304347826086,0.2608695652173915,0.6076558107716359,0.8548338966400112,1.3437347467010945,0.9356157906919875,1.9298766517786132
Dry_heat,46,-28.85,12,1,0.7608695652173914,0.23913043478260887,0.6313502317807731,0.8714356067210365,1.4307461236907246,0.9979082232752065,2.0513253851516704
Dry_heat,46,-28.89,11,1,0.782608695652174,0.21739130434782625,0.655423221761516,0.8876135529920052,1.5260563034950494,1.065438344743155,2.185811927013371
Dry_heat,46,-29.58,10,1,0.8043478260869565,0.19565217391304363,0.6799102143391391,0.9033251299509795,1.6314168191528757,1.1391537423534348,2.336401785694277
Dry_heat,46,-30.02,9,1,0.8260869565217391,0.173913043478261,0.7048561293091005,0.9185161225101343,1.749199854809259,1.2202923442706861,2.5073501005149508
Dry_heat,46,-30.14,8,1,0.8478260869565217,0.15217391304347838,0.730318927126036,0.9331160637722347,1.8827312474337816,1.3105152297419225,2.70479645685736
Dry_heat,46,-30.81,7,1,0.8695652173913043,0.13043478260869576,0.7563750591506624,0.9470308221958066,2.0368819272610397,1.4121253639483355,2.9380450854605833
Dry_heat,46,-31.01,6,1,0.8913043478260869,0.10869565217391314,0.7831280611144127,0.9601300902067955,2.219203484054994,1.5284482430292148,3.2221333801145207
Dry_heat,46,-31.7,5,1,0.9130434782608695,0.08695652173913052,0.8107222276650858,0.9722247201121067,2.442347035369204,1.6645396479732926,3.58360886653536
Dry_heat,46,-32.44,4,1,0.9347826086956522,0.0652173913043479,0.8393624142850467,0.98302167842338,2.730029107820986,1.8286044717565937,4.0758179500623655
Dry_heat,46,-32.54,3,1,0.9565217391304348,0.043478260869565265,0.8693178469851375,0.9920226402557504,3.1354942159291506,2.0349872169115972,4.8311477813829615
Dry_heat,46,-32.67,2,1,0.9782608695652174,0.021739130434782632,0.9004924489862556,0.9982575863677177,3.8286413964890955,2.3075217481116876,6.352483981962686
Dry_heat,46,-33.08,1,1,1.0,0.0,0.9004924489862556,1.0,inf,2.3075217481116876,inf
Wet_heat,44,-15.04,44,1,0.022727272727272728,0.9772727272727273,0.0032328903854610402,0.15059328339956635,0.02298951822469872,0.0032381274659007077,0.16321715366962725
Wet_heat,44,-15.29,43,1,0.045454545454545456,0.9545454545454545,0.01156539717895666,0.1697557886372627,0.04652001563489282,0.01163279655591181,0.1860353909113003
Wet_heat,44,-15.43,42,1,0.06818181818181818,0.9318181818181818,0.02251257283273833,0.19668688209978147,0.07061756721395329,0.022769849438315833,0.21901070592173788
Wet_heat,44,-15.58,41,1,0.09090909090909091,0.9090909090909091,0.03512594652908663,0.22434235059213126,0.0953101798043249,0.035757700698828165,0.25404402958802197
Wet_heat,44,-15.62,40,1,0.11363636363636363,0.8863636363636364,0.048942955491925844,0.25171486191493997,0.12062798778861475,0.050181234525840376,0.2899711729976917
Wet_heat,44,-15.84,39,1,0.13636363636363635,0.8636363636363636,0.06369595404902628,0.278599192759275,0.1466034741918754,0.06581501983443978,0.32656039152146843
Wet_heat,44,-15.88,38,1,0.1590909090909091,0.8409090909090909,0.07921327571835124,0.30496834153813535,0.17327172127403667,0.0825268392700051,0.3637978827111039
Wet_heat,44,-16.02,37,1,0.18181818181818182,0.8181818181818182,0.09537699580118564,0.33084208462954723,0.20067069546215124,0.10023699201763579,0.40173519981703415
Wet_heat,44,-16.06,36,1,0.20454545454545456,0.7954545454545455,0.11210207160381247,0.35625130619966117,0.22884157242884753,0.11889848809649604,0.44044685605426703
Wet_heat,44,-16.14,35,2,0.25,0.75,0.14699679877907346,0.40579775398284645,0.2876820724517809,0.15899197860075145,0.5205355360598084
Wet_heat,44,-16.19,33,1,0.2727272727272727,0.7272727272727273,0.1650794153067574,0.4299874670471583,0.3184537311185346,0.1804186668061539,0.5620969307587014
Wet_heat,44,-16.23,32,1,0.29545454545454547,0.7045454545454546,0.18354238749538532,0.4538169597461742,0.35020242943311486,0.20278028156937378,0.6048011208570022
Wet_heat,44,-16.27,31,2,0.3409090909090909,0.6590909090909092,0.2215163848197168,0.5004616458250903,0.416893803931787,0.2504073345830256,0.6940708987064022
Wet_heat,44,-16.3,29,2,0.38636363636363635,0.6136363636363636,0.26077433773201586,0.545837129182223,0.48835276791393206,0.3021520429856349,0.7892993989801922
Wet_heat,44,-16.34,27,2,0.4318181818181818,0.5681818181818182,0.30122277378570605,0.5900116338005444,0.5653138090500606,0.3584232911011869,0.8916264948096442
Wet_heat,44,-16.38,25,1,0.45454545454545453,0.5454545454545455,0.3218744907679483,0.6116614847850195,0.6061358035703156,0.3884228913123202,0.9458778578382374
Wet_heat,44,-16.41,24,3,0.5227272727272727,0.47727272727272735,0.38549332897498445,0.674883914391776,0.7396671961948381,0.486935494013793,1.1235729739414635
Wet_heat,44,-16.45,21,1,0.5454545454545454,0.4545454545454546,0.4072508760829461,0.6953794323987899,0.78845736036427,0.5229840320350929,1.188688317487441
Wet_heat,44,-16.47,20,4,0.6363636363636364,0.3636363636363637,0.4971080742088254,0.7743452694993622,1.0116009116784799,0.6873799912300342,1.4887491890439213
Wet_heat,44,-16.5,16,3,0.7045454545454546,0.2954545454545455,0.5676882487898269,0.830115332784941,1.2192402764567245,0.8386083046796835,1.7726355003151006
Wet_heat,44,-16.56,13,1,0.7272727272727273,0.2727272727272728,0.5918938549376733,0.8479584433725312,1.2992829841302609,0.896227978947094,1.8836013966375937
Wet_heat,44,-16.6,12,4,0.8181818181818182,0.1818181818181819,0.6928003150892379,0.9147626596742408,1.7047480922384255,1.1802573033902588,2.4623156744234174
Wet_heat,44,-16.62,8,1,0.8409090909090909,0.15909090909090917,0.7192631990726819,0.9300613134869787,1.838279484862948,1.2703377000847231,2.660136327720265
Wet_heat,44,-16.65,7,1,0.8636363636363636,0.13636363636363644,0.7463545970458073,0.9446350169941364,1.9924301646902063,1.3718180387126482,2.8938079607793976
Wet_heat,44,-16.67,6,2,0.9090909090909091,0.09090909090909097,0.802899910368476,0.9710007355860631,2.3978952727983702,1.6240436100720488,3.5404848143540213
Wet_heat,44,-16.74,4,2,0.9545454545454546,0.045454545454545484,0.8639330285871722,0.991689087590049,3.091042453358317,1.9946080775942978,4.790185879517323
Wet_heat,44,-16.78,2,2,1.0,0.0,0.8639330285871722,1.0,inf,1.9946080775942978,inf
